customer_id,full_name,gender,age,city,phone,email,join_date,loyalty_tier
C00001,Diya Singh,F,,Pune,9603647189,diya.singh524@gmail.com,26/12/2022,Silver
C00002,Diya Bhat,F,45,Mumbai,+91 94151 97900,diya.bhat202@outlook.com,09/22/2024,Gold
C00003,Smita Singh,F,64,Bangalore,8728296502,smita.singh714@outlook.com,22/05/2024,Silver
C00004,Smita Desai,F,61,Delhi,+91 97319 10053,smita.desai312@outlook.com,10/10/2024,Gold
C00005,Rekha Shah,F,61,Delhi,+91-9829742424,rekha.shah87@outlook.com,08/26/2024,Gold
C00006,Reyansh Pillai,M,37,Delhi,+91-9040695043,reyansh.pillai626@gmail.com,2021-03-01,Silver
C00007,Meera Desai,F,33,Delhi,7939915527,,2025-12-01,Silver
C00008,Mahesh Kumar,M,69,Pune,8900838388,mahesh.kumar628@rediffmail.com,09/18/2025,Platinum
C00009,Amit Shah,M,34,Delhi,9691864041,amit.shah245@outlook.com,05/25/2025,Gold
C00010,Krishna Gupta,M,38,Mumbai,+91 75007 38043,krishna.gupta66@rediffmail.com,08/03/2021,Platinum
C00011,Diya Iyer,F,44,Pune,9048612358,diya.iyer7@outlook.com,12/01/2024,Platinum
C00012,Shreya Tiwari,F,69,Delhi,7124660666,shreya.tiwari399@outlook.com,09/04/2023,Platinum
C00013,Mahesh Kumar,M,57,Mumbai,+91-7360551585,mahesh.kumar659@rediffmail.com,10/19/2023,Platinum
C00014,Rohan Menon,M,42,Bangalore,8195103064,rohan.menon771@rediffmail.com,11/08/2021,Bronze
C00015,Aanya Tiwari,F,21,Bangalore,+91-7133272825,aanya.tiwari973@yahoo.in,11/03/2021,Bronze
C00016,Reyansh Kumar,M,48,Mumbai,8584392711,reyansh.kumar172@gmail.com,04/15/2024,Silver
C00017,Pari Pandey,F,19,Bangalore,+91 76498 19961,pari.pandey607@yahoo.in,13/11/2024,Gold
C00018,Anil Verma,M,40,Pune,+91 81181 11658,anil.verma870@rediffmail.com,06/03/2025,Bronze
C00019,Anjali Ahmed,F,47,Delhi,+91 78850 90728,anjali.ahmed828@rediffmail.com,03/24/2023,Gold
C00020,Aditi Patel,F,35,Pune,+91 82418 54092,aditi.patel30@rediffmail.com,08/19/2021,Silver
C00021,Myra Joshi,F,69,Bangalore,9387104291,myra.joshi11@yahoo.in,05/20/2022,Platinum
C00022,Shreya Nair,F,62,Pune,+91-7399661102,shreya.nair302@yahoo.in,16/12/2025,Silver
C00023,Smita Pandey,F,41,Pune,+91 88035 53357,smita.pandey361@rediffmail.com,12/09/2024,Gold
C00024,Vivaan Iyer,M,38,Mumbai,+91-7822662216,vivaan.iyer222@rediffmail.com,09/25/2025,Gold
C00025,Sai Rao,M,32,Bangalore,+91 74147 45954,sai.rao47@gmail.com,05/01/2021,Silver
C00026,Pari Sharma,F,,Bangalore,+91-7220661337,pari.sharma259@rediffmail.com,15/08/2023,Bronze
C00027,Meera Patel,F,54,Mumbai,7365849190,meera.patel255@gmail.com,03/26/2021,Platinum
C00028,Sandeep Desai,M,46,Pune,+91 90349 17894,sandeep.desai625@gmail.com,14/10/2022,Silver
C00029,Krishna Pillai,M,23,Delhi,+91-7011492154,krishna.pillai419@rediffmail.com,2021-03-18,Platinum
C00030,Diya Nair,F,36,Bangalore,+91-8136253459,diya.nair807@yahoo.in,08/03/2025,Silver
C00031,Krishna Kumar,M,22,Mumbai,+91 79457 67560,krishna.kumar128@rediffmail.com,05/20/2021,Platinum
C00032,Divya Tiwari,F,49,Pune,+91 80561 89129,divya.tiwari257@gmail.com,02/10/2020,Bronze
C00033,Riya Verma,F,66,Delhi,7779489931,riya.verma600@rediffmail.com,21/09/2023,Platinum
C00034,Amit Joshi,M,44,Bangalore,8768002206,amit.joshi711@rediffmail.com,2022-11-04,Platinum
C00035,Mahesh Patel,M,38,Bangalore,+91 97031 10150,mahesh.patel674@rediffmail.com,25/02/2022,Silver
C00036,Shruti Agarwal,F,58,Pune,+91-8237075775,shruti.agarwal449@rediffmail.com,04/09/2020,Silver
C00037,Ishaan Tiwari,M,18,Pune,7504513251,ishaan.tiwari664@yahoo.in,2020-04-27,Gold
C00038,Sunita Agarwal,F,48,Delhi,+91-9574307168,sunita.agarwal521@yahoo.in,05/09/2023,Gold
C00039,Pooja Mishra,F,35,Mumbai,+91 91624 74178,pooja.mishra887@yahoo.in,12/10/2022,Platinum
C00040,Pooja Tiwari,F,66,Pune,+91 77825 84946,pooja.tiwari393@yahoo.in,2023-06-28,Platinum
C00041,Rahul Agarwal,M,63,Pune,+91-9127420335,rahul.agarwal988@gmail.com,11/26/2023,Gold
C00042,Mahesh Singh,M,51,Pune,+91 75058 19807,mahesh.singh481@outlook.com,05/12/2020,Platinum
C00043,Rahul Pillai,M,52,Pune,+91 71176 90931,rahul.pillai71@yahoo.in,23/11/2022,Gold
C00044,Karthik Mehta,M,24,Mumbai,+91-7197529702,karthik.mehta333@gmail.com,23/03/2023,Gold
C00045,Kiara Nair,F,51,Pune,+91-7751917162,kiara.nair81@rediffmail.com,2024-11-26,Silver
C00046,Riya Kumar,F,32,Pune,+91 70307 70981,riya.kumar923@outlook.com,15/05/2025,Silver
C00047,Mahesh Joshi,M,55,Bangalore,8297602688,mahesh.joshi204@rediffmail.com,23/07/2025,Bronze
C00048,Suresh Pandey,M,40,Bangalore,8178884276,suresh.pandey9@gmail.com,05/01/2025,Platinum
C00049,Aditi Khan,F,69,Bangalore,9910976189,aditi.khan774@yahoo.in,11/07/2021,Bronze
C00050,Rekha Verma,F,55,Bangalore,8784572192,rekha.verma180@yahoo.in,03/03/2025,Gold
C00051,Saanvi Menon,F,70,Pune,+91-9011467975,saanvi.menon987@gmail.com,28/12/2022,Silver
C00052,Shreya Joshi,F,23,Pune,8583063357,shreya.joshi689@outlook.com,2020-05-18,Gold
C00053,Deepak Nair,M,48,Mumbai,+91-9781645815,deepak.nair65@rediffmail.com,09/11/2024,Gold
C00054,Pari Kumar,F,20,Mumbai,+91-9308745090,pari.kumar139@rediffmail.com,2022-08-04,Platinum
C00055,Ramesh Ahmed,M,24,Pune,+91 82141 38477,ramesh.ahmed455@rediffmail.com,2024-07-09,Gold
C00056,Deepak Joshi,M,52,Bangalore,+91-8952996248,deepak.joshi94@yahoo.in,2020-07-09,Bronze
C00057,Rahul Nair,M,26,Delhi,+91-8000721711,rahul.nair337@yahoo.in,09/07/2020,Bronze
C00058,Kiara Kumar,F,52,Bangalore,+91-7063824611,kiara.kumar367@yahoo.in,2021-02-22,Bronze
C00059,Krishna Verma,M,26,Pune,8925327382,krishna.verma797@outlook.com,2024-02-24,Bronze
C00060,Divya Nair,F,57,Mumbai,9763127185,,17/11/2025,Platinum
C00061,Sunita Pillai,F,24,Pune,9612617557,sunita.pillai152@gmail.com,2025-08-03,Gold
C00062,Shruti Mishra,F,36,Pune,+91 73749 95814,shruti.mishra667@yahoo.in,2024-10-14,Silver
C00063,Pooja Shah,F,43,Pune,9856616537,pooja.shah262@outlook.com,11/02/2025,Platinum
C00064,Karthik Patel,M,23,Pune,+91-9389594115,karthik.patel62@outlook.com,24/12/2020,Platinum
C00065,Smita Mehta,F,64,Mumbai,+91-9482141132,smita.mehta520@yahoo.in,10/10/2022,Platinum
C00066,Vivaan Joshi,M,,Bangalore,9409329326,vivaan.joshi998@gmail.com,2020-05-19,Gold
C00067,Arjun Menon,M,62,Bangalore,+91-9432330583,,2022-06-01,Bronze
C00068,Sandeep Iyer,M,42,Pune,8393213895,sandeep.iyer796@gmail.com,06/06/2023,Silver
C00069,Sunil Verma,M,61,Mumbai,9607371597,sunil.verma453@rediffmail.com,22/08/2022,Bronze
C00070,Sunita Singh,F,36,Pune,+91-8697643337,,2024-11-10,Gold
C00071,Aditya Menon,M,36,Bangalore,7754603440,aditya.menon133@rediffmail.com,01/16/2020,Silver
C00072,Anaya Desai,F,65,Mumbai,9472866768,anaya.desai440@rediffmail.com,2023-01-15,Platinum
C00073,Pari Desai,F,19,Bangalore,7378514962,pari.desai448@gmail.com,10/15/2021,Platinum
C00074,Suresh Rao,M,65,Bangalore,+91-9192509020,suresh.rao649@gmail.com,2021-06-25,Silver
C00075,Anjali Ahmed,F,70,Delhi,+91-7745172634,anjali.ahmed617@yahoo.in,05/02/2021,Bronze
C00076,Manoj Agarwal,M,,Pune,+91 80590 92210,manoj.agarwal324@yahoo.in,10/21/2025,Platinum
C00077,Nisha Rao,F,68,Bangalore,+91-8333191560,,01/12/2024,Gold
C00078,Anaya Ahmed,F,23,Pune,+91-8931591531,anaya.ahmed931@yahoo.in,10/18/2023,Platinum
C00079,Rohan Shah,M,24,Bangalore,+91-7168114160,rohan.shah254@rediffmail.com,02/17/2025,Silver
C00080,Anjali Rao,F,42,Pune,+91 91210 53863,anjali.rao68@outlook.com,2022-11-20,Platinum
C00081,Priya Pillai,F,56,Delhi,+91-8502468844,priya.pillai318@rediffmail.com,02/19/2022,Bronze
C00082,Shreya Desai,F,59,Bangalore,+91 99899 78995,shreya.desai96@rediffmail.com,11/23/2021,Bronze
C00083,Neha Reddy,F,31,Bangalore,+91-7331421524,neha.reddy303@gmail.com,2023-04-08,Bronze
C00084,Shruti Kumar,F,56,Pune,+91 96510 31697,,03/06/2021,Gold
C00085,Mahesh Khan,M,36,Pune,7833293142,mahesh.khan377@rediffmail.com,08/09/2021,Gold
C00086,Divya Mishra,F,44,Delhi,+91-9753842979,divya.mishra493@outlook.com,05/10/2021,Bronze
C00087,Ishaan Patel,M,66,Delhi,7393906783,ishaan.patel970@yahoo.in,2022-08-17,Gold
C00088,Ramesh Verma,M,43,Bangalore,+91-7121064582,ramesh.verma327@gmail.com,03/07/2021,Gold
C00089,Aditya Verma,M,36,Pune,8926728669,aditya.verma631@gmail.com,03/25/2025,Bronze
C00090,Myra Kumar,F,53,Pune,+91-7205082311,myra.kumar245@rediffmail.com,08/05/2020,Platinum
C00091,Vivaan Agarwal,M,56,Mumbai,+91 74704 48177,vivaan.agarwal440@gmail.com,2025-09-19,Silver
C00092,Saanvi Pillai,F,60,Mumbai,+91 86624 76535,saanvi.pillai568@gmail.com,06/03/2024,Platinum
C00093,Manoj Desai,M,41,Bangalore,8035627944,manoj.desai751@gmail.com,2025-01-12,Gold
C00094,Rohan Joshi,M,52,Bangalore,9986674107,rohan.joshi491@yahoo.in,03/27/2025,Bronze
C00095,Diya Rao,F,30,Mumbai,+91 83049 81176,,11/01/2021,Silver
C00096,Anjali Verma,F,59,Bangalore,8718080443,anjali.verma762@rediffmail.com,26/02/2022,Platinum
C00097,Saanvi Agarwal,F,62,Pune,+91 83910 20345,saanvi.agarwal441@yahoo.in,2022-09-09,Gold
C00098,Karthik Gupta,M,60,Bangalore,7715733827,karthik.gupta707@rediffmail.com,08/20/2022,Bronze
C00099,Shruti Mehta,F,35,Mumbai,9203687670,shruti.mehta821@yahoo.in,21/11/2020,Silver
C00100,Diya Kumar,F,22,Delhi,+91 71061 89310,diya.kumar158@rediffmail.com,12/06/2025,Gold
C00101,Anaya Pandey,F,26,Bangalore,+91-7487258103,anaya.pandey27@yahoo.in,21/06/2023,Platinum
C00102,Krishna Menon,M,63,Pune,7859759428,krishna.menon126@yahoo.in,10/10/2021,Platinum
C00103,Mahesh Patel,M,69,Bangalore,+91 87765 48058,mahesh.patel913@outlook.com,2025-06-23,Silver
C00104,Divya Nair,F,25,Delhi,+91-8550038771,divya.nair568@outlook.com,26/04/2021,Silver
C00105,Karthik Rao,M,43,Pune,+91 72416 26426,karthik.rao996@outlook.com,25/07/2024,Platinum
C00106,Smita Mishra,F,40,Delhi,+91-8858081385,smita.mishra515@gmail.com,2024-11-19,Silver
C00107,Saanvi Reddy,F,38,Delhi,7843110305,saanvi.reddy651@outlook.com,2022-09-10,Gold
C00108,Sandeep Ahmed,M,28,Delhi,+91 81063 83874,sandeep.ahmed43@gmail.com,11/20/2021,Gold
C00109,Anil Mehta,M,57,Mumbai,+91 79899 73300,anil.mehta251@rediffmail.com,18/11/2023,Bronze
C00110,Arjun Shah,M,44,Pune,+91-8342531599,arjun.shah883@outlook.com,04/11/2023,Gold
C00111,Kiara Joshi,F,50,Mumbai,8931000173,kiara.joshi254@yahoo.in,2022-04-15,Gold
C00112,Shruti Mehta,F,33,Delhi,+91-7684370461,shruti.mehta511@rediffmail.com,24/10/2022,Gold
C00113,Aanya Patel,F,43,Pune,+91-7217069388,aanya.patel289@rediffmail.com,19/04/2021,Platinum
C00114,Shreya Sharma,F,24,Pune,8571688961,,24/05/2021,Silver
C00115,Shreya Rao,F,22,Pune,9676802207,shreya.rao697@gmail.com,08/25/2024,Bronze
C00116,Anjali Gupta,F,53,Bangalore,9147818256,,04/20/2021,Gold
C00117,Divya Shah,F,27,Delhi,9647849438,divya.shah758@outlook.com,2022-10-11,Platinum
C00118,Meera Sharma,F,41,Bangalore,9955124970,meera.sharma645@gmail.com,02/14/2025,Gold
C00119,Rohan Pandey,M,48,Delhi,7634691836,,11/24/2024,Bronze
C00120,Aarav Shah,M,38,Pune,9155298355,aarav.shah794@rediffmail.com,2021-07-23,Bronze
C00121,Sandeep Iyer,M,53,Bangalore,7743812855,sandeep.iyer471@outlook.com,17/08/2025,Gold
C00122,Myra Nair,F,35,Bangalore,+91 76792 74094,myra.nair325@rediffmail.com,25/05/2021,Gold
C00123,Pari Pandey,F,61,Pune,7180674181,pari.pandey295@gmail.com,2023-06-25,Platinum
C00124,Meera Iyer,F,30,Bangalore,+91-9644312718,meera.iyer759@yahoo.in,2024-12-09,Silver
C00125,Rohan Singh,M,,Bangalore,+91-7022254113,rohan.singh988@yahoo.in,08/04/2025,Platinum
C00126,Nisha Iyer,F,66,Bangalore,+91-9801601713,nisha.iyer588@yahoo.in,2022-05-21,Bronze
C00127,Ramesh Reddy,M,20,Pune,+91-7039802179,ramesh.reddy306@gmail.com,24/03/2023,Gold
C00128,Rekha Ahmed,F,52,Pune,+91-7483814153,rekha.ahmed339@yahoo.in,15/09/2021,Gold
C00129,Aarav Gupta,M,68,Bangalore,+91-9624029587,aarav.gupta877@rediffmail.com,2024-11-25,Gold
C00130,Suresh Pillai,M,24,Delhi,+91-8120064235,suresh.pillai393@yahoo.in,2021-08-11,Gold
C00131,Neha Pandey,F,64,Mumbai,+91-7266821961,neha.pandey684@gmail.com,11/12/2022,Silver
C00132,Smita Mishra,F,63,Bangalore,9639796200,smita.mishra227@yahoo.in,21/02/2025,Platinum
C00133,Mahesh Khan,M,41,Pune,+91 97053 38627,mahesh.khan781@yahoo.in,09/16/2025,Bronze
C00134,Divya Bhat,F,41,Mumbai,+91 76624 85065,divya.bhat550@yahoo.in,02/02/2024,Platinum
C00135,Deepak Iyer,M,63,Pune,7566696611,deepak.iyer526@rediffmail.com,2020-09-15,Bronze
C00136,Smita Rao,F,64,Mumbai,+91 77140 85800,smita.rao75@gmail.com,2023-05-27,Bronze
C00137,Karthik Agarwal,M,20,Bangalore,+91 93897 94656,karthik.agarwal987@rediffmail.com,2023-03-25,Platinum
C00138,Kavita Desai,F,23,Delhi,+91 82879 79316,kavita.desai131@yahoo.in,2025-06-04,Bronze
C00139,Rekha Pillai,F,64,Pune,+91-8978370498,rekha.pillai355@yahoo.in,2024-07-27,Bronze
C00140,Deepak Mehta,M,57,Mumbai,+91 71100 68515,deepak.mehta613@gmail.com,2021-04-03,Bronze
C00141,Rekha Nair,F,52,Delhi,+91-9474375067,rekha.nair327@outlook.com,17/03/2020,Silver
C00142,Ramesh Rao,M,35,Mumbai,+91 92241 65994,,2024-10-24,Gold
C00143,Divya Gupta,F,62,Pune,+91-9310384304,divya.gupta485@yahoo.in,10/03/2023,Gold
C00144,Mahesh Verma,M,53,Pune,8043069385,mahesh.verma262@yahoo.in,2023-09-17,Bronze
C00145,Anjali Patel,F,52,Delhi,+91 89756 15183,anjali.patel895@gmail.com,05/13/2020,Silver
C00146,Myra Gupta,F,37,Mumbai,+91 94717 72773,myra.gupta937@yahoo.in,2021-04-24,Silver
C00147,Aditi Tiwari,F,38,Bangalore,8324663629,aditi.tiwari268@outlook.com,08/18/2023,Platinum
C00148,Pari Agarwal,F,66,Bangalore,+91-9416025300,pari.agarwal885@yahoo.in,11/06/2021,Bronze
C00149,Shreya Pandey,F,55,Pune,+91-8631399401,shreya.pandey584@yahoo.in,07/03/2022,Gold
C00150,Meera Ahmed,F,65,Pune,+91-7601117291,meera.ahmed738@rediffmail.com,24/03/2023,Bronze
C00151,Karthik Pillai,M,21,Mumbai,+91-7291920078,,03/27/2023,Platinum
C00152,Diya Khan,F,58,Pune,+91 88076 63914,diya.khan13@gmail.com,2025-08-01,Gold
C00153,Aanya Mishra,F,70,Pune,+91-8034953269,aanya.mishra197@outlook.com,02/04/2021,Gold
C00154,Anaya Joshi,F,43,Pune,9937936410,anaya.joshi848@gmail.com,2024-04-23,Bronze
C00155,Suresh Desai,M,42,Pune,+91-7355134188,suresh.desai512@rediffmail.com,11/01/2020,Gold
C00156,Sandeep Verma,M,32,Delhi,+91-7319322484,sandeep.verma701@outlook.com,16/10/2025,Bronze
C00157,Rahul Sharma,M,,Delhi,+91-9422182038,rahul.sharma247@rediffmail.com,03/07/2025,Gold
C00158,Kiara Bhat,F,64,Mumbai,+91-8877279755,kiara.bhat238@gmail.com,2024-12-12,Platinum
C00159,Aanya Ahmed,F,35,Pune,8854772804,aanya.ahmed191@rediffmail.com,04/12/2023,Gold
C00160,Karthik Patel,M,35,Delhi,+91-8673413661,karthik.patel325@outlook.com,12/26/2023,Bronze
C00161,Rekha Joshi,F,66,Bangalore,8927768913,rekha.joshi571@rediffmail.com,2020-03-03,Bronze
C00162,Shreya Patel,F,56,Bangalore,7363781647,shreya.patel743@yahoo.in,10/01/2023,Silver
C00163,Saanvi Kumar,F,35,Bangalore,+91-8866920369,saanvi.kumar283@rediffmail.com,2022-08-05,Bronze
C00164,Priya Nair,F,64,Pune,+91-7581923103,priya.nair312@gmail.com,07/10/2024,Gold
C00165,Pooja Shah,F,39,Pune,9590772665,pooja.shah971@yahoo.in,05/10/2025,Silver
C00166,Pooja Rao,F,65,Pune,8687643539,pooja.rao374@gmail.com,11/04/2024,Silver
C00167,Deepak Tiwari,M,19,Pune,+91 72266 63627,deepak.tiwari690@rediffmail.com,15/04/2025,Gold
C00168,Krishna Pillai,M,27,Pune,9500719008,krishna.pillai411@rediffmail.com,02/15/2023,Gold
C00169,Vivaan Nair,M,60,Bangalore,+91 91136 98797,vivaan.nair663@rediffmail.com,2021-11-20,Gold
C00170,Pari Sharma,F,24,Bangalore,+91 89022 85397,pari.sharma227@rediffmail.com,09/24/2021,Platinum
C00171,Vikram Sharma,M,48,Mumbai,+91 74642 55656,vikram.sharma320@outlook.com,2022-07-03,Silver
C00172,Anjali Agarwal,F,24,Pune,+91-8289624427,,15/12/2025,Gold
C00173,Deepak Reddy,M,65,Delhi,9404532947,deepak.reddy437@rediffmail.com,2024-03-18,Platinum
C00174,Arjun Ahmed,M,60,Pune,+91-8930909978,arjun.ahmed607@rediffmail.com,01/24/2023,Silver
C00175,Krishna Bhat,M,,Mumbai,+91-8571069113,krishna.bhat334@yahoo.in,02/26/2024,Gold
C00176,Divya Ahmed,F,,Pune,8511763726,divya.ahmed866@rediffmail.com,2024-07-19,Gold
C00177,Deepak Kumar,M,38,Mumbai,9978287288,deepak.kumar145@rediffmail.com,2021-05-04,Silver
C00178,Sunita Reddy,F,49,Delhi,+91-7803582272,sunita.reddy323@rediffmail.com,16/03/2024,Gold
C00179,Amit Kumar,M,30,Pune,9940749808,amit.kumar504@rediffmail.com,21/09/2024,Platinum
C00180,Saanvi Patel,F,54,Mumbai,+91-9309011435,saanvi.patel296@yahoo.in,02/05/2021,Platinum
C00181,Anil Singh,M,35,Bangalore,9346569443,anil.singh224@rediffmail.com,01/25/2024,Silver
C00182,Diya Shah,F,34,Bangalore,+91-7901419863,diya.shah831@outlook.com,2020-08-28,Platinum
C00183,Sunil Kumar,M,68,Delhi,+91 79210 88231,sunil.kumar552@yahoo.in,19/01/2021,Gold
C00184,Riya Menon,F,50,Mumbai,+91 74157 27392,riya.menon256@yahoo.in,02/07/2021,Silver
C00185,Meera Kumar,F,54,Bangalore,+91-9721410516,meera.kumar814@gmail.com,13/07/2025,Gold
C00186,Rekha Agarwal,F,38,Mumbai,+91 91762 56952,rekha.agarwal871@gmail.com,24/02/2025,Platinum
C00187,Ramesh Iyer,M,49,Bangalore,+91 74279 84205,ramesh.iyer873@rediffmail.com,05/11/2022,Bronze
C00188,Vivaan Ahmed,M,68,Pune,8960730480,vivaan.ahmed1@rediffmail.com,2020-02-28,Silver
C00189,Saanvi Menon,F,23,Bangalore,+91 75423 16787,saanvi.menon406@outlook.com,02/12/2022,Silver
C00190,Nisha Patel,F,63,Mumbai,+91-9549834042,,2020-04-16,Gold
C00191,Ramesh Bhat,M,26,Pune,+91 96409 23425,ramesh.bhat106@outlook.com,2020-04-13,Gold
C00192,Suresh Kumar,M,59,Delhi,+91 91299 31511,suresh.kumar451@outlook.com,2020-09-19,Silver
C00193,Shruti Pillai,F,46,Delhi,+91 93920 60335,shruti.pillai360@rediffmail.com,2020-02-05,Silver
C00194,Krishna Ahmed,M,23,Delhi,+91 79336 13515,krishna.ahmed869@outlook.com,10/20/2024,Silver
C00195,Neha Ahmed,F,21,Delhi,9740542751,neha.ahmed609@gmail.com,2023-07-04,Bronze
C00196,Pooja Kumar,F,42,Pune,7313497572,,2022-09-22,Silver
C00197,Rohan Desai,M,50,Bangalore,8727768349,rohan.desai85@yahoo.in,17/12/2025,Gold
C00198,Sandeep Iyer,M,69,Delhi,+91 95009 95175,sandeep.iyer698@gmail.com,06/13/2024,Platinum
C00199,Rohan Nair,M,23,Pune,+91-8328390707,rohan.nair683@yahoo.in,08/20/2020,Silver
C00200,Arjun Agarwal,M,40,Bangalore,7507049745,arjun.agarwal790@gmail.com,06/05/2021,Platinum
C00201,Divya Patel,F,34,Mumbai,+91-9145808627,divya.patel880@yahoo.in,17/08/2023,Gold
C00202,Anil Pillai,M,64,Mumbai,+91-7052776893,anil.pillai251@gmail.com,2021-12-17,Platinum
C00203,Arjun Verma,M,53,Pune,+91 80483 45554,arjun.verma846@gmail.com,08/06/2021,Bronze
C00204,Arjun Nair,M,69,Mumbai,8405746777,,15/02/2023,Silver
C00205,Riya Rao,F,65,Delhi,+91-9347454072,riya.rao779@yahoo.in,19/06/2023,Platinum
C00206,Reyansh Tiwari,M,40,Mumbai,8320748157,reyansh.tiwari107@yahoo.in,01/25/2022,Silver
C00207,Meera Verma,F,27,Bangalore,8599840853,meera.verma470@gmail.com,01/08/2020,Silver
C00208,Anaya Pandey,F,54,Mumbai,8120947541,anaya.pandey872@outlook.com,2023-11-05,Platinum
C00209,Pooja Shah,F,35,Delhi,+91-7667483244,pooja.shah109@yahoo.in,04/05/2020,Gold
C00210,Pari Tiwari,F,40,Delhi,+91-7388354759,pari.tiwari162@outlook.com,15/05/2023,Bronze
C00211,Rahul Kumar,M,23,Delhi,+91 79792 44100,,2022-07-17,Platinum
C00212,Shreya Tiwari,F,33,Mumbai,+91-7051354601,shreya.tiwari64@yahoo.in,2023-02-26,Platinum
C00213,Smita Ahmed,F,59,Mumbai,+91-7276905285,smita.ahmed203@rediffmail.com,2024-10-09,Bronze
C00214,Pari Verma,F,47,Mumbai,9130846652,pari.verma31@rediffmail.com,10/14/2021,Silver
C00215,Myra Reddy,F,35,Bangalore,+91 90217 42215,myra.reddy663@outlook.com,03/02/2023,Platinum
C00216,Karthik Menon,M,42,Delhi,+91-9709069459,karthik.menon822@gmail.com,04/21/2023,Gold
C00217,Shreya Agarwal,F,40,Bangalore,9564595211,shreya.agarwal225@gmail.com,2023-05-06,Gold
C00218,Amit Mishra,M,40,Delhi,+91-8144724751,amit.mishra547@gmail.com,02/08/2021,Silver
C00219,Anjali Reddy,F,29,Delhi,+91 81756 87537,anjali.reddy29@outlook.com,06/26/2024,Silver
C00220,Amit Tiwari,M,37,Delhi,+91-9584122005,amit.tiwari225@gmail.com,2023-01-03,Bronze
C00221,Shruti Iyer,F,69,Delhi,+91-7094115188,shruti.iyer152@yahoo.in,06/12/2022,Gold
C00222,Vikram Bhat,M,60,Pune,7586055431,vikram.bhat162@rediffmail.com,11/02/2024,Platinum
C00223,Saanvi Bhat,F,53,Bangalore,8317795722,saanvi.bhat752@outlook.com,2021-11-19,Bronze
C00224,Riya Verma,F,29,Bangalore,+91-9131098613,riya.verma145@outlook.com,04/21/2024,Silver
C00225,Pooja Reddy,F,58,Mumbai,8918260963,pooja.reddy12@outlook.com,11/21/2025,Bronze
C00226,Priya Singh,F,64,Mumbai,7714418166,priya.singh906@rediffmail.com,07/15/2020,Platinum
C00227,Shreya Desai,F,24,Pune,+91-7698604397,shreya.desai463@gmail.com,11/25/2024,Bronze
C00228,Aanya Gupta,F,34,Mumbai,+91-7322132937,aanya.gupta561@gmail.com,06/06/2020,Platinum
C00229,Ramesh Ahmed,M,28,Pune,+91-7815976168,ramesh.ahmed420@outlook.com,04/01/2021,Gold
C00230,Vivaan Verma,M,43,Pune,7376360931,vivaan.verma302@rediffmail.com,2021-01-12,Bronze
C00231,Arjun Ahmed,M,36,Mumbai,9100654796,arjun.ahmed917@outlook.com,10/02/2023,Platinum
C00232,Vikram Desai,M,41,Delhi,8131297865,vikram.desai232@outlook.com,09/01/2023,Silver
C00233,Karthik Pillai,M,40,Pune,9244473790,karthik.pillai429@rediffmail.com,2024-04-18,Silver
C00234,Neha Patel,F,43,Mumbai,+91 90325 29326,neha.patel124@rediffmail.com,10/17/2024,Silver
C00235,Sai Kumar,M,20,Pune,+91 74845 87994,sai.kumar265@outlook.com,2020-11-14,Bronze
C00236,Suresh Tiwari,M,43,Bangalore,+91 90416 87014,suresh.tiwari536@rediffmail.com,2022-09-15,Silver
C00237,Anil Pandey,M,55,Mumbai,9300528259,anil.pandey902@outlook.com,2020-10-25,Gold
C00238,Nisha Agarwal,F,54,Pune,+91-9655339870,,09/03/2020,Gold
C00239,Rohan Agarwal,M,35,Bangalore,8204079697,rohan.agarwal864@rediffmail.com,27/06/2020,Bronze
C00240,Aditya Rao,M,65,Pune,+91 91153 21703,aditya.rao193@rediffmail.com,24/05/2022,Platinum
C00241,Divya Joshi,F,70,Mumbai,+91 86606 62872,divya.joshi139@gmail.com,03/03/2024,Silver
C00242,Reyansh Verma,M,47,Mumbai,8993803105,reyansh.verma518@rediffmail.com,07/12/2022,Bronze
C00243,Reyansh Joshi,M,49,Pune,8478538226,reyansh.joshi168@outlook.com,08/19/2021,Bronze
C00244,Aanya Desai,F,21,Delhi,+91 77376 98826,aanya.desai212@outlook.com,2024-04-28,Bronze
C00245,Amit Kumar,M,59,Delhi,+91 96381 50037,amit.kumar730@outlook.com,08/01/2024,Platinum
C00246,Rekha Menon,F,31,Pune,9510353238,rekha.menon105@gmail.com,11/17/2022,Gold
C00247,Neha Pillai,F,24,Pune,8189211712,neha.pillai268@outlook.com,06/09/2020,Silver
C00248,Sunil Desai,M,60,Bangalore,+91 86297 48745,sunil.desai266@rediffmail.com,2025-03-24,Bronze
C00249,Rahul Bhat,M,32,Pune,+91-9824433548,rahul.bhat898@yahoo.in,17/06/2025,Platinum
C00250,Krishna Tiwari,M,66,Delhi,+91-8525930586,krishna.tiwari229@outlook.com,2025-06-21,Gold
C00251,Priya Pandey,F,,Pune,+91 89015 91350,priya.pandey73@rediffmail.com,08/02/2020,Bronze
C00252,Divya Rao,F,44,Mumbai,9445569788,divya.rao915@rediffmail.com,07/03/2021,Silver
C00253,Amit Gupta,M,58,Delhi,8174793230,amit.gupta215@yahoo.in,2022-11-02,Silver
C00254,Anaya Kumar,F,57,Pune,8646331504,anaya.kumar5@gmail.com,13/07/2025,Gold
C00255,Rahul Mishra,M,30,Mumbai,+91-7971803809,rahul.mishra711@outlook.com,01/21/2025,Bronze
C00256,Divya Pandey,F,37,Delhi,9234621711,divya.pandey611@outlook.com,10/01/2020,Silver
C00257,Meera Joshi,F,66,Delhi,+91-7563524533,meera.joshi217@gmail.com,2021-07-01,Silver
C00258,Vikram Bhat,M,59,Mumbai,+91 71592 87846,vikram.bhat50@gmail.com,11/09/2023,Bronze
C00259,Vivaan Mehta,M,46,Pune,+91 75017 36934,vivaan.mehta712@gmail.com,09/09/2020,Bronze
C00260,Shruti Khan,F,62,Delhi,+91 73857 47054,shruti.khan117@gmail.com,02/17/2023,Silver
C00261,Divya Iyer,F,,Pune,7892038856,divya.iyer705@rediffmail.com,03/02/2022,Bronze
C00262,Deepak Patel,M,25,Pune,+91-7435039291,deepak.patel927@outlook.com,02/25/2021,Platinum
C00263,Priya Shah,F,21,Mumbai,9906690116,priya.shah321@rediffmail.com,28/01/2021,Bronze
C00264,Aarav Kumar,M,60,Delhi,7399222877,aarav.kumar382@outlook.com,06/15/2022,Platinum
C00265,Rekha Menon,F,42,Pune,+91-7569132884,rekha.menon713@gmail.com,2023-11-26,Silver
C00266,Ramesh Pandey,M,48,Pune,+91 70944 99714,ramesh.pandey902@yahoo.in,13/10/2021,Platinum
C00267,Ramesh Shah,M,20,Mumbai,+91 98453 98857,ramesh.shah538@yahoo.in,2022-11-11,Gold
C00268,Ramesh Pillai,M,64,Delhi,+91 82611 29484,,06/22/2023,Silver
C00269,Meera Reddy,F,22,Pune,+91-9177244907,meera.reddy229@rediffmail.com,11/04/2022,Silver
C00270,Mahesh Shah,M,,Pune,+91-9136202250,mahesh.shah764@gmail.com,15/08/2020,Platinum
C00271,Pradeep Tiwari,M,18,Mumbai,+91 88426 37112,pradeep.tiwari671@rediffmail.com,21/10/2024,Gold
C00272,Reyansh Shah,M,39,Pune,7489726608,,11/12/2025,Gold
C00273,Shreya Mishra,F,41,Mumbai,+91 94330 63636,shreya.mishra110@outlook.com,2020-03-16,Silver
C00274,Suresh Iyer,M,47,Delhi,+91-9719747078,suresh.iyer858@gmail.com,04/06/2025,Platinum
C00275,Smita Pandey,F,50,Delhi,+91-9376088968,smita.pandey958@rediffmail.com,01/17/2023,Platinum
C00276,Anil Reddy,M,64,Delhi,+91 98924 52184,anil.reddy517@rediffmail.com,07/22/2020,Silver
C00277,Kavita Gupta,F,36,Pune,+91 99046 77147,kavita.gupta307@outlook.com,03/14/2021,Silver
C00278,Sai Khan,M,63,Bangalore,+91 91302 33306,sai.khan516@outlook.com,2025-06-22,Gold
C00279,Riya Pandey,F,60,Pune,8814135645,riya.pandey828@gmail.com,12/27/2025,Bronze
C00280,Kiara Verma,F,60,Mumbai,9935139119,kiara.verma257@yahoo.in,2021-05-25,Gold
C00281,Pradeep Verma,M,40,Pune,+91 88411 39400,pradeep.verma761@rediffmail.com,10/28/2020,Gold
C00282,Suresh Desai,M,44,Bangalore,7872252973,suresh.desai636@rediffmail.com,01/01/2024,Gold
C00283,Sai Rao,M,46,Delhi,+91 86837 25643,sai.rao387@gmail.com,2025-02-06,Gold
C00284,Arjun Pandey,M,34,Mumbai,+91-7660150996,arjun.pandey951@outlook.com,2022-08-23,Gold
C00285,Riya Tiwari,F,40,Mumbai,+91-9235986982,riya.tiwari70@yahoo.in,2025-06-17,Platinum
C00286,Vikram Nair,M,31,Bangalore,+91 87383 72240,vikram.nair575@gmail.com,2022-06-10,Gold
C00287,Aditi Ahmed,F,57,Delhi,+91-8657324532,,11/11/2020,Gold
C00288,Meera Verma,F,,Delhi,+91-9310584302,meera.verma547@gmail.com,2022-09-03,Silver
C00289,Deepak Mehta,M,24,Delhi,+91 96763 19452,,24/12/2024,Gold
C00290,Karthik Patel,M,21,Delhi,+91-8110884543,karthik.patel418@rediffmail.com,09/03/2022,Platinum
C00291,Pooja Sharma,F,42,Mumbai,+91 72072 86756,pooja.sharma47@gmail.com,01/21/2024,Bronze
C00292,Smita Rao,F,56,Mumbai,+91 71009 72126,smita.rao161@yahoo.in,13/08/2022,Platinum
C00293,Nisha Kumar,F,37,Bangalore,+91-7529290976,nisha.kumar43@gmail.com,09/28/2020,Platinum
C00294,Ishaan Iyer,M,65,Bangalore,+91-7691293717,ishaan.iyer189@yahoo.in,07/21/2021,Gold
C00295,Vivaan Reddy,M,60,Mumbai,+91-8248343708,vivaan.reddy688@gmail.com,08/21/2024,Silver
C00296,Pooja Joshi,F,26,Delhi,+91-8364880195,pooja.joshi498@rediffmail.com,2020-05-20,Gold
C00297,Anil Pandey,M,41,Bangalore,+91-7951445658,anil.pandey730@rediffmail.com,01/03/2023,Gold
C00298,Deepak Gupta,M,48,Pune,9369412470,deepak.gupta112@yahoo.in,25/06/2023,Bronze
C00299,Kiara Tiwari,F,30,Bangalore,+91-7080016490,kiara.tiwari870@gmail.com,11/03/2025,Platinum
C00300,Rohan Tiwari,M,34,Pune,+91-9532315957,rohan.tiwari751@outlook.com,12/03/2025,Bronze
C00301,Anjali Mishra,F,18,Delhi,+91-8916502228,anjali.mishra164@yahoo.in,11/06/2024,Silver
C00302,Anjali Verma,F,32,Pune,+91-7183860832,anjali.verma685@yahoo.in,09/02/2021,Gold
C00303,Meera Shah,F,20,Mumbai,+91 90760 45847,meera.shah855@outlook.com,06/04/2025,Silver
C00304,Nisha Desai,F,41,Mumbai,+91 83298 56255,nisha.desai837@outlook.com,2024-05-13,Platinum
C00305,Sandeep Kumar,M,46,Delhi,7908459040,sandeep.kumar154@yahoo.in,02/17/2021,Bronze
C00306,Ramesh Gupta,M,64,Mumbai,+91-9537427612,,16/11/2023,Bronze
C00307,Anil Pandey,M,28,Delhi,+91-7240140248,anil.pandey171@outlook.com,09/02/2025,Platinum
C00308,Deepak Rao,M,,Delhi,+91-7942160389,deepak.rao851@rediffmail.com,16/10/2023,Silver
C00309,Saanvi Pillai,F,39,Pune,8655546199,,2024-10-03,Platinum
C00310,Sunil Singh,M,29,Pune,+91 94654 25403,sunil.singh96@rediffmail.com,10/02/2024,Bronze
C00311,Divya Mehta,F,,Mumbai,8637398296,divya.mehta359@gmail.com,2025-09-14,Gold
C00312,Aditi Patel,F,36,Pune,+91 95867 10932,aditi.patel592@gmail.com,04/01/2022,Platinum
C00313,Rahul Mehta,M,41,Mumbai,8122287361,rahul.mehta876@rediffmail.com,07/21/2021,Gold
C00314,Myra Mehta,F,53,Pune,8089966667,myra.mehta315@outlook.com,06/18/2021,Platinum
C00315,Deepak Singh,M,65,Delhi,+91-9183318911,deepak.singh411@outlook.com,2023-12-06,Bronze
C00316,Suresh Ahmed,M,18,Mumbai,+91-7275223478,suresh.ahmed270@yahoo.in,20/08/2021,Bronze
C00317,Kavita Khan,F,,Bangalore,+91 86199 67536,kavita.khan11@yahoo.in,2025-10-02,Gold
C00318,Rohan Khan,M,50,Delhi,8027599387,rohan.khan671@gmail.com,2024-03-22,Bronze
C00319,Kavita Joshi,F,60,Pune,+91-7294708501,kavita.joshi942@gmail.com,10/07/2023,Gold
C00320,Priya Nair,F,56,Delhi,7751768690,priya.nair417@gmail.com,2023-07-19,Gold
C00321,Pari Mishra,F,34,Bangalore,8044850685,pari.mishra776@outlook.com,08/13/2025,Platinum
C00322,Riya Sharma,F,48,Mumbai,+91-9907319100,riya.sharma719@yahoo.in,02/13/2022,Platinum
C00323,Divya Tiwari,F,18,Bangalore,+91 94536 54825,divya.tiwari78@yahoo.in,03/05/2021,Gold
C00324,Anil Menon,M,29,Delhi,+91 77931 44787,anil.menon212@yahoo.in,2023-12-07,Silver
C00325,Kiara Singh,F,25,Mumbai,+91-9325612900,kiara.singh981@gmail.com,11/16/2025,Gold
C00326,Meera Pandey,F,35,Pune,+91-9476758136,meera.pandey132@gmail.com,09/09/2021,Platinum
C00327,Shreya Verma,F,50,Bangalore,7516977385,shreya.verma716@rediffmail.com,2023-11-25,Bronze
C00328,Deepak Iyer,M,42,Mumbai,+91-9356061869,deepak.iyer270@yahoo.in,20/06/2022,Gold
C00329,Saanvi Agarwal,F,45,Delhi,8720532107,saanvi.agarwal287@rediffmail.com,25/12/2023,Silver
C00330,Vivaan Menon,M,69,Delhi,+91-7626394068,vivaan.menon820@yahoo.in,28/07/2024,Bronze
C00331,Ramesh Agarwal,M,26,Bangalore,+91 71563 62219,,05/09/2023,Gold
C00332,Nisha Singh,F,46,Bangalore,+91 96542 43779,nisha.singh353@gmail.com,06/12/2022,Gold
C00333,Anil Pandey,M,59,Delhi,+91 85974 68580,anil.pandey911@gmail.com,06/11/2022,Gold
C00334,Nisha Kumar,F,28,Bangalore,7306420495,nisha.kumar82@yahoo.in,11/20/2023,Gold
C00335,Nisha Rao,F,63,Bangalore,8559781099,nisha.rao766@rediffmail.com,13/11/2024,Silver
C00336,Aditya Nair,M,60,Bangalore,+91-7716875001,aditya.nair407@gmail.com,2025-12-24,Platinum
C00337,Aarav Desai,M,51,Mumbai,+91-9812484901,aarav.desai954@rediffmail.com,2020-05-20,Silver
C00338,Rekha Ahmed,F,26,Delhi,+91 81692 52624,rekha.ahmed885@rediffmail.com,2024-03-01,Gold
C00339,Kiara Bhat,F,52,Delhi,+91 90835 83922,kiara.bhat446@outlook.com,10/15/2024,Platinum
C00340,Karthik Shah,M,37,Bangalore,+91-7000396634,karthik.shah536@yahoo.in,05/05/2023,Platinum
C00341,Amit Agarwal,M,37,Mumbai,+91-9354553463,amit.agarwal383@yahoo.in,2023-05-20,Platinum
C00342,Aditi Reddy,F,,Pune,9685741915,aditi.reddy246@outlook.com,2023-04-09,Gold
C00343,Myra Patel,F,29,Delhi,+91 84836 45669,myra.patel718@rediffmail.com,21/02/2022,Bronze
C00344,Rohan Tiwari,M,19,Delhi,+91 84366 11075,rohan.tiwari239@gmail.com,2020-05-09,Platinum
C00345,Rahul Mehta,M,37,Pune,7344555557,,2022-08-23,Platinum
C00346,Pradeep Agarwal,M,29,Delhi,+91-8069285207,pradeep.agarwal395@rediffmail.com,2022-07-27,Bronze
C00347,Mahesh Singh,M,51,Delhi,7681230929,mahesh.singh645@gmail.com,22/07/2023,Bronze
C00348,Meera Ahmed,F,37,Delhi,+91-7485024047,meera.ahmed242@rediffmail.com,01/28/2022,Silver
C00349,Riya Singh,F,43,Delhi,9956683572,riya.singh611@yahoo.in,01/19/2020,Bronze
C00350,Arjun Agarwal,M,23,Bangalore,+91 75043 80300,arjun.agarwal811@gmail.com,02/01/2025,Silver
C00351,Shreya Ahmed,F,66,Bangalore,+91 82378 56945,shreya.ahmed742@yahoo.in,2023-12-07,Bronze
C00352,Rekha Tiwari,F,36,Pune,8390198781,rekha.tiwari750@rediffmail.com,10/06/2021,Silver
C00353,Sandeep Kumar,M,46,Bangalore,+91-9740301061,sandeep.kumar519@rediffmail.com,12/09/2022,Bronze
C00354,Shruti Nair,F,38,Mumbai,+91-9250862526,shruti.nair700@rediffmail.com,27/09/2025,Silver
C00355,Pooja Mehta,F,59,Bangalore,+91-7188021892,pooja.mehta856@yahoo.in,02/17/2020,Bronze
C00356,Vivaan Agarwal,M,,Mumbai,+91 86053 78920,,21/10/2020,Silver
C00357,Aarav Iyer,M,59,Pune,+91-8550165596,aarav.iyer572@rediffmail.com,08/26/2020,Bronze
C00358,Divya Verma,F,64,Mumbai,+91-7434758564,divya.verma743@yahoo.in,02/07/2022,Silver
C00359,Sandeep Pillai,M,33,Delhi,+91 73457 93705,sandeep.pillai591@outlook.com,18/12/2024,Platinum
C00360,Arjun Reddy,M,53,Pune,+91 89658 68066,arjun.reddy956@outlook.com,2024-06-22,Gold
C00361,Sunita Ahmed,F,45,Bangalore,+91-8610883633,sunita.ahmed785@outlook.com,04/19/2024,Platinum
C00362,Kavita Sharma,F,64,Mumbai,+91-8296400037,kavita.sharma7@outlook.com,10/01/2022,Silver
C00363,Aanya Bhat,F,70,Bangalore,+91 75069 22358,aanya.bhat39@rediffmail.com,09/18/2024,Silver
C00364,Anjali Pandey,F,33,Delhi,9444115276,anjali.pandey940@yahoo.in,05/03/2022,Gold
C00365,Saanvi Agarwal,F,70,Mumbai,+91 96487 85534,saanvi.agarwal391@gmail.com,2024-11-10,Gold
C00366,Sunita Mehta,F,,Delhi,+91-9722524375,,11/28/2025,Bronze
C00367,Shreya Pandey,F,27,Bangalore,+91-9893241312,shreya.pandey750@rediffmail.com,2024-12-08,Bronze
C00368,Ramesh Rao,M,68,Pune,9454318650,ramesh.rao764@gmail.com,2021-03-11,Gold
C00369,Suresh Mishra,M,,Delhi,8697881328,suresh.mishra668@yahoo.in,2021-08-18,Silver
C00370,Karthik Menon,M,67,Pune,+91-9885133776,karthik.menon424@rediffmail.com,2022-11-19,Silver
C00371,Anjali Khan,F,59,Mumbai,9676546979,,03/12/2022,Silver
C00372,Deepak Joshi,M,27,Mumbai,+91 74839 47707,deepak.joshi15@outlook.com,2020-12-02,Bronze
C00373,Rekha Agarwal,F,19,Bangalore,+91-9346874134,rekha.agarwal536@outlook.com,2021-12-18,Silver
C00374,Suresh Pandey,M,60,Mumbai,+91-9991559353,,02/03/2022,Bronze
C00375,Suresh Pillai,M,35,Bangalore,7992861641,suresh.pillai390@gmail.com,01/10/2020,Platinum
C00376,Arjun Iyer,M,50,Pune,+91-9273821684,arjun.iyer313@outlook.com,2024-12-01,Silver
C00377,Vikram Pillai,M,40,Bangalore,7266329625,vikram.pillai641@outlook.com,05/08/2025,Bronze
C00378,Aditi Kumar,F,39,Pune,9236466111,aditi.kumar984@yahoo.in,03/03/2025,Silver
C00379,Neha Khan,F,39,Pune,+91-9495507871,neha.khan555@yahoo.in,03/07/2024,Gold
C00380,Ramesh Kumar,M,59,Delhi,+91 73879 34134,ramesh.kumar326@yahoo.in,02/18/2022,Gold
C00381,Sunita Rao,F,46,Bangalore,+91-7112520487,sunita.rao781@outlook.com,2021-04-04,Silver
C00382,Reyansh Pillai,M,19,Bangalore,+91-9157467661,reyansh.pillai867@rediffmail.com,25/12/2020,Gold
C00383,Suresh Agarwal,M,48,Delhi,7064485730,suresh.agarwal948@outlook.com,2021-04-08,Silver
C00384,Sai Patel,M,29,Pune,8059928520,sai.patel438@rediffmail.com,23/08/2024,Platinum
C00385,Kavita Khan,F,65,Mumbai,+91-8055366449,kavita.khan532@rediffmail.com,15/02/2024,Bronze
C00386,Divya Ahmed,F,21,Delhi,8981470996,divya.ahmed171@rediffmail.com,13/08/2022,Bronze
C00387,Mahesh Ahmed,M,46,Mumbai,+91 99305 81618,mahesh.ahmed139@rediffmail.com,2025-09-04,Platinum
C00388,Arjun Shah,M,55,Delhi,+91 91252 31495,arjun.shah736@gmail.com,09/02/2023,Platinum
C00389,Anaya Mishra,F,63,Pune,9363717591,anaya.mishra390@gmail.com,2025-09-20,Gold
C00390,Arjun Kumar,M,29,Mumbai,8240302958,arjun.kumar642@yahoo.in,05/10/2023,Silver
C00391,Aarav Khan,M,66,Bangalore,+91 96458 10753,aarav.khan623@rediffmail.com,16/08/2020,Platinum
C00392,Sunita Shah,F,23,Mumbai,+91 88269 37215,sunita.shah51@yahoo.in,09/09/2021,Gold
C00393,Aditya Verma,M,60,Bangalore,7765571034,aditya.verma166@outlook.com,2022-02-02,Silver
C00394,Riya Joshi,F,20,Mumbai,+91-8835341895,riya.joshi864@gmail.com,12/06/2022,Silver
C00395,Krishna Gupta,M,51,Pune,+91 71906 24326,krishna.gupta586@gmail.com,2024-04-23,Gold
C00396,Shruti Gupta,F,34,Bangalore,+91 93893 92818,shruti.gupta510@rediffmail.com,19/10/2021,Silver
C00397,Myra Sharma,F,25,Mumbai,+91 97789 37175,myra.sharma819@rediffmail.com,2023-11-26,Gold
C00398,Shreya Ahmed,F,31,Mumbai,7291353679,shreya.ahmed316@outlook.com,23/04/2025,Gold
C00399,Vivaan Pillai,M,39,Bangalore,+91-7754321211,vivaan.pillai199@outlook.com,12/19/2023,Platinum
C00400,Diya Ahmed,F,26,Pune,8986293827,diya.ahmed803@rediffmail.com,11/15/2021,Bronze
C00401,Riya Pillai,F,38,Mumbai,7284382838,riya.pillai993@yahoo.in,22/10/2021,Bronze
C00402,Kavita Ahmed,F,52,Delhi,+91 73828 50407,kavita.ahmed723@outlook.com,2024-10-13,Gold
C00403,Anaya Agarwal,F,33,Bangalore,7751674031,anaya.agarwal115@outlook.com,05/07/2023,Silver
C00404,Mahesh Mishra,M,,Pune,9248964968,mahesh.mishra318@outlook.com,07/03/2024,Bronze
C00405,Sai Verma,M,47,Pune,7189107235,sai.verma704@gmail.com,2025-09-04,Bronze
C00406,Sandeep Pillai,M,65,Bangalore,+91 99233 37504,sandeep.pillai329@yahoo.in,25/10/2020,Gold
C00407,Rekha Pillai,F,25,Bangalore,+91-9675528232,rekha.pillai574@gmail.com,2021-03-09,Gold
C00408,Priya Kumar,F,63,Bangalore,9633944024,priya.kumar914@outlook.com,2024-04-06,Bronze
C00409,Aarav Agarwal,M,61,Mumbai,8683269674,aarav.agarwal184@rediffmail.com,2020-07-02,Gold
C00410,Myra Bhat,F,66,Mumbai,+91 85344 22748,myra.bhat467@outlook.com,2023-10-05,Platinum
C00411,Aditi Nair,F,27,Bangalore,+91 80824 52567,,07/06/2022,Platinum
C00412,Vikram Agarwal,M,47,Delhi,+91-9181627202,vikram.agarwal106@rediffmail.com,06/20/2022,Bronze
C00413,Shreya Ahmed,F,22,Bangalore,8024673062,shreya.ahmed636@yahoo.in,08/13/2024,Platinum
C00414,Anaya Gupta,F,31,Pune,+91 92745 40953,anaya.gupta178@gmail.com,26/10/2023,Platinum
C00415,Anil Khan,M,47,Bangalore,+91-8323003336,,27/02/2024,Bronze
C00416,Pooja Agarwal,F,59,Mumbai,+91 99597 93379,pooja.agarwal830@gmail.com,2020-04-27,Silver
C00417,Shreya Rao,F,42,Pune,9449318527,shreya.rao814@outlook.com,22/04/2021,Platinum
C00418,Anaya Pandey,F,18,Pune,+91 71740 10110,anaya.pandey721@outlook.com,02/05/2021,Gold
C00419,Reyansh Mehta,M,62,Pune,8638809377,reyansh.mehta446@yahoo.in,23/06/2025,Platinum
C00420,Sai Tiwari,M,42,Bangalore,+91-7576717254,sai.tiwari12@gmail.com,03/10/2023,Silver
C00421,Smita Mehta,F,26,Mumbai,9986679532,smita.mehta619@rediffmail.com,26/11/2021,Platinum
C00422,Shreya Shah,F,42,Bangalore,+91-9482226946,shreya.shah511@yahoo.in,03/14/2021,Gold
C00423,Shreya Pandey,F,,Mumbai,7486037259,shreya.pandey595@rediffmail.com,10/16/2020,Bronze
C00424,Sandeep Menon,M,47,Mumbai,9708676312,sandeep.menon760@gmail.com,2024-10-03,Gold
C00425,Rahul Tiwari,M,,Mumbai,+91 94045 53452,rahul.tiwari432@outlook.com,17/08/2023,Gold
C00426,Saanvi Verma,F,62,Bangalore,+91 85504 85778,saanvi.verma174@gmail.com,2025-10-09,Gold
C00427,Ishaan Agarwal,M,23,Delhi,7569249644,ishaan.agarwal631@outlook.com,28/02/2024,Gold
C00428,Vivaan Khan,M,29,Delhi,8014453592,vivaan.khan497@yahoo.in,2025-08-12,Bronze
C00429,Anaya Kumar,F,56,Delhi,+91-9837544412,anaya.kumar451@yahoo.in,25/07/2023,Gold
C00430,Manoj Menon,M,66,Mumbai,8294361972,manoj.menon488@yahoo.in,15/03/2020,Platinum
C00431,Priya Kumar,F,51,Pune,9914107002,priya.kumar324@gmail.com,26/05/2020,Gold
C00432,Shruti Ahmed,F,35,Bangalore,9810382991,shruti.ahmed599@rediffmail.com,2022-05-26,Silver
C00433,Sandeep Gupta,M,61,Delhi,+91-7291851443,sandeep.gupta13@rediffmail.com,09/01/2022,Bronze
C00434,Anjali Nair,F,64,Bangalore,+91 73012 17455,anjali.nair962@yahoo.in,2022-04-02,Bronze
C00435,Karthik Khan,M,26,Pune,+91-9987809626,karthik.khan189@outlook.com,2025-11-19,Bronze
C00436,Priya Mehta,F,62,Bangalore,7267951754,priya.mehta392@rediffmail.com,2022-03-25,Bronze
C00437,Priya Reddy,F,46,Mumbai,+91-9772329146,priya.reddy504@gmail.com,20/04/2023,Platinum
C00438,Sunil Ahmed,M,24,Pune,+91-7302418646,sunil.ahmed586@outlook.com,2025-05-04,Bronze
C00439,Kiara Ahmed,F,58,Mumbai,+91-8416612771,kiara.ahmed927@rediffmail.com,13/11/2020,Platinum
C00440,Sunita Desai,F,64,Mumbai,+91 96803 73185,sunita.desai125@outlook.com,01/04/2024,Gold
C00441,Diya Ahmed,F,59,Mumbai,+91-8974135984,diya.ahmed779@outlook.com,28/09/2022,Silver
C00442,Suresh Pillai,M,30,Bangalore,+91 81772 73766,suresh.pillai87@rediffmail.com,07/04/2025,Silver
C00443,Sai Sharma,M,64,Delhi,+91 80083 75494,sai.sharma547@rediffmail.com,07/03/2023,Bronze
C00444,Rahul Verma,M,39,Mumbai,+91 87141 70079,rahul.verma963@yahoo.in,02/07/2023,Silver
C00445,Rohan Kumar,M,49,Mumbai,+91 91259 27109,rohan.kumar15@yahoo.in,2023-10-02,Gold
C00446,Mahesh Khan,M,28,Mumbai,+91 77227 18271,mahesh.khan824@yahoo.in,02/16/2020,Platinum
C00447,Pari Pillai,F,54,Delhi,+91 75683 53975,pari.pillai65@gmail.com,2022-04-25,Platinum
C00448,Vikram Tiwari,M,28,Pune,+91-9715255193,vikram.tiwari628@rediffmail.com,2021-10-02,Bronze
C00449,Anaya Sharma,F,18,Delhi,8787660912,anaya.sharma711@rediffmail.com,12/21/2020,Silver
C00450,Manoj Menon,M,51,Pune,+91 71232 88154,manoj.menon185@rediffmail.com,04/06/2023,Bronze
C00451,Anjali Mehta,F,18,Delhi,+91 81858 80742,anjali.mehta520@yahoo.in,2021-02-17,Silver
C00452,Diya Iyer,F,25,Delhi,+91-9878240673,,2025-08-16,Gold
C00453,Myra Mehta,F,34,Bangalore,+91 71718 80432,myra.mehta181@yahoo.in,2024-08-02,Platinum
C00454,Karthik Nair,M,64,Pune,+91-9907059529,karthik.nair920@outlook.com,11/10/2024,Bronze
C00455,Aditi Singh,F,33,Pune,9512952109,aditi.singh497@gmail.com,2021-07-08,Silver
C00456,Sunil Shah,M,29,Pune,+91-9714510040,sunil.shah368@outlook.com,03/15/2022,Silver
C00457,Anil Verma,M,,Delhi,+91-8475647712,anil.verma226@outlook.com,15/08/2020,Silver
C00458,Karthik Mehta,M,51,Pune,7062293591,karthik.mehta748@rediffmail.com,16/10/2021,Silver
C00459,Rahul Mehta,M,55,Delhi,7189941491,rahul.mehta42@rediffmail.com,2024-03-19,Bronze
C00460,Divya Desai,F,48,Mumbai,+91 94676 11628,divya.desai710@rediffmail.com,2023-08-08,Silver
C00461,Neha Nair,F,59,Mumbai,+91-8972604762,neha.nair879@gmail.com,22/08/2020,Platinum
C00462,Suresh Reddy,M,68,Bangalore,+91-9694254580,suresh.reddy73@rediffmail.com,08/23/2025,Gold
C00463,Ishaan Mehta,M,66,Bangalore,+91-9940614579,ishaan.mehta83@outlook.com,10/18/2025,Bronze
C00464,Diya Singh,F,42,Bangalore,7752767775,diya.singh664@gmail.com,02/10/2023,Silver
C00465,Rahul Nair,M,52,Mumbai,+91 76874 39548,rahul.nair329@outlook.com,08/24/2025,Platinum
C00466,Diya Patel,F,41,Bangalore,+91-9019338363,diya.patel727@outlook.com,08/17/2023,Gold
C00467,Sai Shah,M,23,Mumbai,+91-7707665514,sai.shah283@gmail.com,2023-03-10,Platinum
C00468,Sai Mishra,M,58,Mumbai,+91-9035406123,sai.mishra356@rediffmail.com,07/22/2022,Bronze
C00469,Myra Patel,F,19,Delhi,+91 81232 95951,myra.patel662@outlook.com,11/11/2024,Platinum
C00470,Neha Pandey,F,26,Bangalore,8237578891,neha.pandey789@gmail.com,08/05/2021,Gold
C00471,Saanvi Khan,F,28,Bangalore,+91 99645 97340,saanvi.khan814@yahoo.in,03/27/2021,Bronze
C00472,Rahul Pandey,M,26,Pune,+91 93171 14546,rahul.pandey682@outlook.com,2022-06-06,Silver
C00473,Rekha Tiwari,F,28,Bangalore,+91-8967269969,rekha.tiwari951@outlook.com,13/01/2020,Gold
C00474,Meera Rao,F,,Delhi,+91 73680 72781,meera.rao922@gmail.com,15/12/2024,Bronze
C00475,Aanya Desai,F,57,Delhi,+91-9611989536,aanya.desai657@yahoo.in,03/06/2023,Silver
C00476,Myra Sharma,F,,Pune,7835156548,myra.sharma503@outlook.com,11/03/2025,Bronze
C00477,Kavita Kumar,F,63,Pune,8481421047,kavita.kumar360@outlook.com,2022-07-12,Bronze
C00478,Mahesh Mehta,M,69,Pune,8778948768,mahesh.mehta143@gmail.com,03/26/2022,Gold
C00479,Divya Gupta,F,22,Pune,8780324145,divya.gupta180@rediffmail.com,01/14/2020,Silver
C00480,Arjun Desai,M,36,Pune,9122145416,arjun.desai573@rediffmail.com,05/27/2020,Bronze
C00481,Krishna Rao,M,58,Pune,7770398201,,22/11/2020,Gold
C00482,Anaya Khan,F,65,Bangalore,9697222466,anaya.khan703@rediffmail.com,19/08/2024,Bronze
C00483,Divya Pandey,F,19,Bangalore,8980168756,divya.pandey900@yahoo.in,2021-10-02,Bronze
C00484,Anjali Mehta,F,58,Bangalore,+91 72517 77353,anjali.mehta199@yahoo.in,05/10/2020,Silver
C00485,Pooja Pillai,F,69,Bangalore,7411601358,pooja.pillai548@outlook.com,11/23/2022,Bronze
C00486,Sandeep Rao,M,41,Pune,+91-7663808303,sandeep.rao516@yahoo.in,2023-06-06,Bronze
C00487,Rekha Patel,F,25,Delhi,+91 81880 28220,rekha.patel837@rediffmail.com,12/08/2020,Gold
C00488,Ishaan Sharma,M,65,Mumbai,+91-9955140035,ishaan.sharma233@outlook.com,03/28/2021,Silver
C00489,Ramesh Bhat,M,,Mumbai,7182608864,,25/01/2020,Bronze
C00490,Pari Menon,F,20,Mumbai,+91-9584676841,pari.menon211@yahoo.in,2022-11-01,Gold
C00491,Karthik Kumar,M,65,Bangalore,+91 95585 90341,karthik.kumar248@gmail.com,2024-06-12,Bronze
C00492,Sai Rao,M,28,Mumbai,+91 85555 58033,sai.rao715@yahoo.in,02/07/2025,Bronze
C00493,Vikram Desai,M,45,Delhi,7530924113,vikram.desai478@gmail.com,2024-04-14,Platinum
C00494,Neha Tiwari,F,64,Mumbai,8218101886,neha.tiwari468@outlook.com,2020-06-16,Platinum
C00495,Pradeep Mehta,M,36,Pune,+91 82040 33500,pradeep.mehta14@rediffmail.com,27/02/2021,Platinum
C00496,Divya Pillai,F,61,Mumbai,+91 89351 23332,,13/03/2020,Silver
C00497,Myra Khan,F,43,Mumbai,9499321452,myra.khan608@outlook.com,24/07/2021,Platinum
C00498,Meera Pillai,F,56,Pune,7464013969,meera.pillai126@outlook.com,2023-09-09,Silver
C00499,Aarav Singh,M,65,Mumbai,+91-8643396139,aarav.singh620@outlook.com,2020-08-22,Bronze
C00500,Deepak Mishra,M,,Pune,9105609249,deepak.mishra517@outlook.com,04/10/2023,Bronze
C00501,Ishaan Sharma,M,,Mumbai,+91-7135714617,ishaan.sharma233@outlook.com,03/28/2021,Silver
C00502,Anjali Mehta,F,18,Delhi,+91-7511677101,anjali.mehta520@yahoo.in,2021-02-17,Silver
C00503,Arjun Ahmed,M,36,Mumbai,+91-8351021444,arjun.ahmed917@outlook.com,10/02/2023,Platinum
C00504,S. Desai,F,24,Pune,+91-7698604397,shreya.desai463@gmail.com,11/25/2024,Bronze
C00505, Pari Pandey ,F,19,Bangalore,+91 76498 19961,pari.pandey607@yahoo.in,13/11/2024,Gold
C00506,Myra Mehta,F,34,Bangalore,+91-7704994153,myra.mehta181@yahoo.in,2024-08-02,Platinum
C00507, Shruti Iyer ,F,69,Delhi,+91-7094115188,shruti.iyer152@yahoo.in,06/12/2022,Gold
C00508,Shreya Pandey,F,27,Bangalore,+91-8671087985,shreya.pandey750@rediffmail.com,2024-12-08,Bronze
C00509,Sunita Shah,F,23,Mumbai,+91-7469792084,sunita.shah51@yahoo.in,09/09/2021,Gold
C00510,Rekha Ahmed,F,26,Delhi,+91-9378483743,rekha.ahmed885@rediffmail.com,2024-03-01,Gold
C00511,Aanya desai,F,21,Delhi,+91 77376 98826,aanya.desai212@outlook.com,2024-04-28,Bronze
C00512,Shruti Khan,F,62,Delhi,+91-7239389148,shruti.khan117@gmail.com,02/17/2023,Silver
C00513,Mahesh Shah,M,69,Pune,+91-9124682213,mahesh.shah764@gmail.com,15/08/2020,Platinum
C00514, Kavita Sharma ,F,64,Mumbai,+91-8296400037,kavita.sharma7@outlook.com,10/01/2022,Silver
C00515,P. Shah,F,43,Pune,9856616537,pooja.shah262@outlook.com,11/02/2025,Platinum
C00516, Smita Mishra ,F,63,Bangalore,9639796200,smita.mishra227@yahoo.in,21/02/2025,Platinum
C00517, Sandeep Desai ,M,46,Pune,+91 90349 17894,sandeep.desai625@gmail.com,14/10/2022,Silver
C00518,Arjun Kumar,M,29,Mumbai,+91-7418115287,arjun.kumar642@yahoo.in,05/10/2023,Silver
C00519,Shruti Nair,F,38,Mumbai,+91-8534875624,shruti.nair700@rediffmail.com,27/09/2025,Silver
C00520,Arjun reddy,M,53,Pune,+91 89658 68066,arjun.reddy956@outlook.com,2024-06-22,Gold
C00521, Anaya Kumar ,F,57,Pune,8646331504,anaya.kumar5@gmail.com,13/07/2025,Gold
C00522,I. Patel,M,66,Delhi,7393906783,ishaan.patel970@yahoo.in,2022-08-17,Gold
C00523, Rahul Mehta ,M,41,Mumbai,8122287361,rahul.mehta876@rediffmail.com,07/21/2021,Gold
C00524, Arjun Ahmed ,M,60,Pune,+91-8930909978,arjun.ahmed607@rediffmail.com,01/24/2023,Silver
C00525,Pooja Mishra,F,35,Mumbai,+91-8979590743,pooja.mishra887@yahoo.in,12/10/2022,Platinum
C00526,S. Ahmed,F,35,Bangalore,9810382991,shruti.ahmed599@rediffmail.com,2022-05-26,Silver
C00527,K. Rao,M,58,Pune,7770398201,,22/11/2020,Gold
C00528,Kiara Singh,F,25,Mumbai,+91-8622370616,kiara.singh981@gmail.com,11/16/2025,Gold
C00529,R. Agarwal,M,,Bangalore,+91 71563 62219,,05/09/2023,Gold
C00530,Ishaan sharma,M,65,Mumbai,+91-7135714617,ishaan.sharma233@outlook.com,03/28/2021,Silver
C00531, Rahul Mehta ,M,37,Pune,7344555557,,2022-08-23,Platinum
C00532, Vikram Sharma ,M,48,Mumbai,+91 74642 55656,vikram.sharma320@outlook.com,2022-07-03,Silver
C00533,Rekha agarwal,F,19,Bangalore,+91-9346874134,rekha.agarwal536@outlook.com,2021-12-18,Silver
C00534,S. Shah,F,23,Mumbai,+91-7469792084,sunita.shah51@yahoo.in,09/09/2021,Gold
C00535, Amit Tiwari ,M,37,Delhi,+91-9584122005,amit.tiwari225@gmail.com,2023-01-03,Bronze
